,productID,type,color,sex,weight
0,4qPgteQ0Q4CkkLJ,egg,white,male,3
1,74MJHpK7KITSuTY,egg,brown,female,9
2,6xxOqZE7Hr596GT,chicken,white,female,1
3,pHP78Shm5l1VpPp,egg,brown,female,5
4,4S7QUDyw7pU8QJM,chicken,brown,female,3
5,d3ueKZueO0AKz4o,egg,white,male,8
6,VyTFzAGIIJfPOt0,egg,white,female,1
7,1HJnA7YyW3iELnN,chicken,brown,male,6
8,YTfcWBS1nKtKDTl,chicken,brown,male,8
9,QvcWQHosSJL2PqN,egg,brown,female,9
10,qENwvCMKSJONqXJ,egg,white,female,6
11,YKoN4rjv0TUDUCF,chicken,brown,male,4
12,6hmmh2fge9sTpz2,egg,brown,female,4
13,dntzAUzsHlhewY8,egg,brown,male,3
14,I8DbTrbZ3Kuim59,egg,brown,male,8
15,zx7seIUru8WuYph,egg,brown,female,5
16,84XbFUxsTvqTgy0,egg,white,male,5
17,SqCwfNsT4ayrVYO,egg,white,female,7
18,96xVXt7WoUXaJMV,egg,white,female,1
19,WFDoKXT2Gnhg7Qs,egg,brown,male,9
20,KQ6g4S4zVk9oesP,chicken,brown,male,1
21,UsOeuhgVGKSSHon,egg,brown,male,6
22,QpQuUt013CuKjhz,egg,white,female,9
23,SAcEgR9rnEF8fhI,egg,brown,male,3
24,EHf46C489t2B2c3,egg,brown,male,3
25,8FAIZSA6JCWhG3r,egg,white,female,9
26,EvN7pKOIhtrLPvK,egg,white,female,1
27,WdOBav2BUoqzSJd,egg,white,female,6
28,q4ST6ERnWTHhvJ8,egg,brown,male,1
29,EeSvmHD6gCrfbKN,egg,white,female,3
30,GgA0WQul26D0pN0,egg,white,male,1
31,8PEkm9lJpvjoLef,egg,brown,female,2
32,YPa3qMS3YhoBLxo,chicken,brown,female,8
33,Q6BTF3oJWiLC6bo,egg,brown,male,1
34,vSoKYqSsCEre0Ej,chicken,white,female,9
35,N2Nx6eqyiGQzjlI,egg,white,male,4
36,kBXNMfjfc7tdgmX,egg,white,male,5
37,4ikdtWnO6GmiyLC,chicken,brown,female,5
38,nmpNa6kVFxayn12,chicken,brown,male,6
39,BwSHaEkgZ1SfYxy,chicken,white,male,9
40,b4K4RpMP36bw3Fw,chicken,white,male,2
41,Z11YlR6V90PVYSm,chicken,white,male,2
42,kxIlTM0rvoNbzwn,egg,white,male,5
43,kudx27I9Wlb2UW3,egg,brown,male,7
44,94E0oUmKhuDbg58,chicken,brown,male,3
45,5SUIEadJhTQOF7m,egg,white,male,9
46,kh1xuyc9llNgkks,egg,white,male,9
47,YlmLmdzJqOOVxYr,egg,brown,male,2
48,kN6Q6lHwByCsVSA,egg,brown,male,9
49,ZCwCdPbJogTXYqM,egg,white,male,7
50,3Yn5eVfL3XzMbr7,egg,brown,female,5
51,rVi5jcF6rubYiBg,egg,white,male,6
52,oDYM0esYfv7hqXI,egg,brown,male,7
53,flbw6xHrad8H8P4,egg,white,female,4
54,MmEJBQWR9mLK7Oa,egg,white,female,1
55,OynimGfjJNfOvtz,chicken,brown,male,2
56,ofSKCNHXEaUw4Tl,egg,white,female,5
57,Qck2QJmSkZ0176q,egg,brown,female,1
58,bSwf1Sbu1xFys52,egg,brown,male,7
59,BU6ZFA6PiskTaaB,chicken,brown,male,1
60,FAg1XU7X8YleMkC,chicken,brown,female,8
61,WlgXEmmEJhtUJ12,chicken,brown,male,2
62,nb5wzozHP6QHsNz,egg,brown,male,8
63,iIoG2FpqoTT1A9e,chicken,white,female,3
64,AsnJDtKnpCp6DGY,egg,brown,female,2
65,SRdYZX0essbFt67,egg,brown,female,4
66,j3pz2SYueHX8w6w,egg,white,male,2
67,y7AHgdyxoptmAnh,egg,brown,male,7
68,DlRtQy26UIm16Lq,egg,white,female,6
69,BWpFkJBKpA1Lx6R,chicken,white,male,8
70,qz0CUjk4xOFlO9G,chicken,brown,female,3
71,vzDs1RzYnqAdxx8,egg,white,male,8
72,QUEYyjDqIAtE4NQ,chicken,white,male,4
73,Zo0cB6j6n2ATyOh,egg,white,female,1
74,UMtoExjNoTK5gSW,egg,white,male,4
75,79Kjwe1KKtYPzqs,egg,white,female,3
76,z5zCFdOauf9YrKH,egg,brown,female,1
77,ZnNM5kAvHfEcZ1w,egg,brown,female,7
78,MqCzLpXnWYIA4sG,egg,white,female,1
79,WII3i4RWbLu9ft3,egg,brown,female,7
80,1q6siKpd01A8dGZ,egg,brown,female,8
81,Q5jA2xuTYrNTOHV,egg,brown,female,6
82,RHYQS6Tx5iP9KiK,egg,white,female,5
83,AEPe1SWRbs9OAfM,egg,brown,male,9
84,8TNnFOKu2Hwmt29,egg,white,female,1
85,sjYlHvyucexT4ec,egg,brown,male,2
86,IycE4oOFfXttGDS,chicken,brown,female,6
87,X8TMKNA1xddqZa0,egg,brown,male,2
88,z44IvdkGZeCHSRe,egg,white,male,7
89,poq2jVVax8MJGGG,chicken,brown,female,8
90,qftMvxXfvKDhPB2,egg,white,female,9
91,2s0Lb4F4bh3e37q,egg,brown,female,8
92,xytSkI57sAJNhuS,egg,white,male,8
93,WH8N6BsU2G1x7ke,egg,white,female,1
94,4eZOQ01Npn8NpK5,egg,white,male,4
95,LKGp6w7ZldE7hx8,egg,white,female,1
96,MtUlHGugjo5udVl,egg,brown,female,3
97,6Z8mfSuHixDcQbt,egg,brown,male,4
98,MuzYghD3tk8bWm1,egg,brown,male,8
99,NY1z30Ml9jX67j0,egg,white,female,1
100,q3YEzzHpmy9Rp67,egg,white,male,7
101,olVO52K0mXwCReS,egg,brown,female,3
102,t3j0hY3SBwAdQg0,egg,brown,male,4
103,WXrw5OHNxF0qdYh,egg,brown,female,3
104,xFI5Fowl0rOgG0y,chicken,white,male,4
105,vMGV3YsG9imMd8M,egg,brown,female,4
106,GU0hAJO1vvSkLbm,chicken,brown,male,7
107,4Ps9p73aqPsTOxT,egg,white,male,1
108,ysduL8Ox3BecJYm,egg,brown,male,3
109,3tDv1rALAJS6yjC,egg,white,male,6
110,6rsoFq6Ifs2eiFF,chicken,white,male,9
111,TMaSrl7mvr5Yo3Z,egg,brown,male,6
112,woQHE1JTBr4d4rR,egg,brown,male,2
113,Q6QjJtzr6rxTsoR,chicken,white,female,7
114,TZBmr41Ssp517Nd,egg,white,male,5
115,u54ERqVDGMizrDZ,egg,brown,female,4
116,n8hlygzO4zJjqni,egg,brown,male,9
117,ogQ04OVIbrNaxxW,egg,white,male,4
118,ZO2ld3JYHiFiu8l,egg,brown,female,3
119,EQd04MBtmigjbB7,chicken,white,female,6
120,BeTtuLJfxK0lbaK,egg,brown,male,4
121,zor4n9Y0QG7MQe8,egg,white,male,7
122,uXg61auFVKFd0gD,chicken,white,male,6
123,OwruRD8qSyNAJn1,egg,white,female,9
124,ns6r3noZVpEV7cd,egg,brown,male,2
125,7x6j6gMGMabJE2h,egg,white,male,3
126,ERDLzsNU94aNqED,egg,brown,female,7
127,rkwOAQV8YLPCtaX,egg,brown,female,8
128,hPT1YkX9xiJe92f,egg,brown,female,3
129,u6kbygjqG5Ueixj,chicken,brown,male,2
130,EXqQmIuuF4JDQnQ,egg,white,male,1
131,A0QRONtsMNelZvU,egg,white,female,5
132,awkUey1nxoex5YJ,egg,brown,male,8
133,LBuJZghBeTHbPvU,egg,white,male,7
134,xsgUMSBONC37jG3,egg,brown,male,7
135,UkRHg4B6JISCYVn,egg,brown,male,8
136,1DiV3uKQsJQdLQZ,chicken,white,female,9
137,REVrWWroCMx4B8d,egg,white,female,5
138,T0IzZj8INH4k8Wg,egg,white,male,3
139,iaPzQ1WRTFV7naZ,chicken,white,male,7
140,mf8oRY0Taj2kaBz,egg,white,male,5
141,ebYZHPeBgd4X7c5,egg,brown,female,5
142,ouISueggNvy95P5,egg,brown,female,5
143,moOnNb8Ix67Sskj,egg,white,male,6
144,ikM2dDAAPWoQ9Yt,egg,white,male,4
145,wsOPSX4808QZvVZ,egg,brown,female,2
146,Kccg6jCA3xnO1EQ,egg,brown,female,5
147,hESq3GB4L7ekbpx,egg,brown,female,9
148,69egmQvvqbYplmd,chicken,brown,male,5
149,kSBc8e5RNNGoxdm,chicken,brown,female,2
150,gtEswxjVlCgIGiV,egg,white,male,7
151,Eis5kN9sgu48A8T,egg,white,male,7
152,iB1IQpGavqvbQOd,egg,brown,female,8
153,z4JZ5Ebm8pRiwv4,egg,brown,female,2
154,YHkZnjTea8scPie,egg,brown,female,6
155,jrUPYVZ7F29rUQz,egg,white,male,2
156,qYgcHXnMFlhkeXy,egg,white,female,7
157,zk6T7u5UBcEr7Gj,egg,brown,female,9
158,RHxeBkGNLMSkbma,egg,white,male,9
159,qsYSMlnlsEloQRo,egg,white,female,6
160,JG5KOgqllbCjI24,chicken,brown,female,9
161,Lj3wMfNjv0ucI1H,egg,brown,male,9
162,Cfgppk39DgKenjP,egg,white,male,6
163,Fu79zAYhsOITmK6,egg,brown,female,2
164,b0riAv25D5wJmp4,egg,white,male,4
165,GK8yPg4bUzwujj3,egg,white,female,6
166,BeiGK6Up0k3mj9W,egg,white,female,6
167,kRSlbZ3NImvr5bo,egg,brown,female,7
168,TruKnNvEuitlnNQ,egg,brown,female,7
169,PbN2Oep9wozTGFg,egg,brown,female,8
170,4XW6Su6XWZ3t2T8,egg,white,female,7
171,wChD7QwzMkMitYq,egg,white,female,3
172,5gNyTrMH2msz37c,egg,brown,male,5
173,hZKswk77RVkeiwW,egg,brown,female,6
174,IO967n494s9v6wL,egg,brown,female,5
175,WyHKBFz81nCSzs5,egg,brown,female,9
176,WuLh11hJKhcF5OJ,egg,brown,female,4
177,o0Xa6Ojcuf2BvWr,egg,brown,female,8
178,mi9bGcBfCagaolN,egg,white,male,2
179,epVzDIg67abpXar,egg,brown,male,2
180,7SfbMzsWdCo1YTu,egg,brown,male,8
181,57fzl37uVaHpqdt,chicken,brown,male,4
182,iIY3UZ97NUWVMp1,egg,white,female,5
183,9gDW47VBq2vCvNa,chicken,brown,male,8
184,gQwJM6PXjzwHDUA,egg,white,female,6
185,ZXGAHMpnyp4Z41M,egg,white,female,2
186,PtntkNDLiNgSNYH,chicken,white,female,2
187,feZ8HISv9aLhuHl,egg,white,female,2
188,Ztsa3Semzbj84Yq,egg,white,male,7
189,pq0Z8aXKDZyTXtg,egg,brown,female,3
190,s7IRtfafQYeIYAD,egg,white,male,8
191,Ptr2zdzadAvx8E9,egg,white,male,3
192,IDWxgkkhMW2zZfD,egg,white,male,8
193,LmToRbA1McCfAqJ,egg,white,female,3
194,nhQeqKOFbOQVCuH,egg,white,male,7
195,O3L1PB184k85EmY,chicken,white,female,1
196,Ab8cVApW4vyigFa,egg,white,female,8
197,cdh24tZswjN4pI6,egg,white,male,2
198,cnFbhNfrgmi7MRU,egg,white,male,9
199,nTJFGF0ayftrTVS,egg,brown,female,5
200,jQZkUMlBiVpkfA5,egg,white,female,1
201,CeqNvqthtLigzZu,chicken,brown,female,5
202,4NMuagxohbTVz8r,egg,white,female,9
203,5JWxmZ8CS1KPbBu,egg,white,male,7
204,IUbdlPj4yA7AyZD,egg,brown,female,5
205,ONWRIWAW8IwvG0x,egg,white,male,5
206,BPIheR8di1WnutW,egg,brown,female,5
207,xulUC7ivDKIqDBB,egg,brown,male,1
208,asw1sjx4ubrm0t6,egg,brown,female,3
209,MSOcXD6xX34Dqka,chicken,brown,male,7
210,AyyWfxYlUxJLRD1,egg,brown,male,5
211,BDLcAlUuoqlLDgx,egg,white,female,9
212,rNlWCQszFPcS4JP,egg,brown,male,5
213,L6tunwNi27iDcl6,egg,brown,male,1
214,7mbceLgu2wy6aYF,egg,white,male,8
215,Im2tWFvB5McQX8t,egg,brown,female,9
216,gfgLpCIHDsMD4BH,egg,brown,male,7
217,GJB7Gp7PcKN23Kl,egg,brown,female,7
218,WUu903DD8RXrzJT,egg,white,female,9
219,Sqfy5rSgeAGWaFU,egg,brown,female,6
220,v7w0c8jSekgwuWn,egg,white,female,7
221,6x0sZew4NQxGdxd,chicken,white,male,9
222,yRuufDeopjjfIh6,chicken,white,male,3
223,oyY2ZTYd2eXdrCF,egg,white,female,9
224,lVY4MhwszQEPXxO,chicken,brown,female,3
225,z9RQjVMK3kK3oXm,egg,white,male,9
226,ngmms4cvmZxHGzB,chicken,white,male,5
227,G3o3agWGf3Pttda,egg,brown,male,3
228,GBNmTyqD24wrp7E,egg,white,male,7
229,OFLhJoswDfJ0rhA,egg,brown,female,3
230,B99pnlSI2fYwcpx,egg,white,male,2
231,3ncvrPPKIGn7yYr,chicken,brown,male,5
232,7tXL92X5lqbnnQW,egg,brown,male,7
233,Kz7OviHC2j9UNXH,egg,white,female,2
234,5wrCEf9DLYIfGik,egg,brown,female,7
235,r36jNklAdqmaMx1,egg,white,male,2
236,Gv2Q1Wt6fdIWLoC,egg,brown,female,5
237,cqLpThfjNY2mevR,egg,white,male,5
238,jBYU8SDQaZOuwDm,chicken,white,female,6
239,kOqk0f9po1Ii2IO,egg,white,male,8
240,fgPDEDU9DavPJgV,egg,white,male,5
241,vBajXjkKAHb4UWg,egg,white,male,9
242,xJyvfx86p6U6Aoj,egg,white,male,3
243,sb1Bd28xEwNXpVd,egg,white,female,4
244,e5KEFNHYNo095t9,egg,white,male,7
245,IAEL02Ls0eGXwlT,egg,brown,female,9
246,yOrpuveUtSzJKRS,egg,brown,female,2
247,3jBq9DnNNE33zdB,egg,white,male,6
248,gppRaiasm9xfu69,egg,white,male,4
249,8xYiBsadTufZEdM,egg,white,male,2
250,NBPNwWjiIs1tNRj,egg,white,male,8
251,o6iesg0Iv0l2a9R,chicken,white,female,3
252,8hptMoyxe5ZfpSE,egg,brown,female,3
253,m3iAyovliXWlVhP,egg,brown,male,4
254,LSSki4EcQWmI63s,egg,white,male,5
255,U2ZaZbcrhCTRdSB,chicken,white,female,9
256,p1ER4zpZMIrbIli,chicken,white,male,9
257,ELXRLc547VDT06e,egg,brown,female,6
258,hZwmPsaA5IAT7hH,egg,white,male,5
259,kKCAsVvRY8cK7Ov,chicken,white,male,8
260,cGyOBvSegwllu9d,chicken,brown,female,2
261,nyXlRzDTgjB8632,chicken,brown,male,4
262,QZI8DCSvGKMLpbh,egg,brown,female,2
263,kIiEhooXbcIb2iY,egg,white,male,1
264,6nd3ERrROeKKltl,egg,brown,male,6
265,cGNBUAbygba3qPp,egg,brown,female,7
266,ZohLMq12rI6MsbV,chicken,white,female,8
267,1CFibgbBtdpEE2n,chicken,white,male,1
268,Cm4iMMarLTpXY2j,egg,brown,female,5
269,3ZFknnscTirR4wQ,egg,white,female,6
270,I6FH6rwqu5uTuhj,chicken,brown,male,2
271,k0A0SXvFtHXZ9yL,egg,white,male,9
272,rYdCEDILK8qwFzc,chicken,white,female,7
273,6K0X1MwXPBXpd5J,egg,white,female,8
274,85qA56wvFhdWSdu,egg,brown,male,8
275,CqHntDrf0Cso5df,egg,brown,female,5
276,ea122bVutNKHuKX,egg,brown,male,8
277,6WxAINgwGilWlLj,chicken,white,male,4
278,jgiajtGQiEWtiLu,egg,white,female,2
279,EoKiCqwQPDRu7pC,chicken,white,female,4
280,jUALCXIHCaCfnmf,egg,white,male,7
281,Nj6qO1WppW3Dqzp,chicken,brown,male,1
282,ToCNhOuP4RT9r7l,egg,white,female,4
283,I9Z1Nt0Ig9Kk0Zt,egg,brown,female,5
284,rDY0TB2iC19KJjw,egg,brown,female,9
285,C79dPbxTib4x1Ke,egg,white,male,4
286,Mp196AxovfrcXi2,egg,brown,female,1
287,Ih2T067T3PgWIPj,chicken,white,female,6
288,gpF250DFcyC9vv9,egg,white,male,9
289,3EtYyYg1DIzbXRj,egg,white,female,9
290,Djr7UnTWuox3dDQ,egg,brown,male,3
291,WxWqSArLYD0jfML,egg,white,male,1
292,UZm6tI7gdZ17rWI,egg,white,male,1
293,ANNkqH3RPBZNcD9,egg,white,female,7
294,V6uy02NTPUoWRAk,egg,brown,male,6
295,nFgiHnem3eMaNgD,egg,white,male,1
296,ItNtWFuH3PTYSQk,egg,white,female,7
297,8ZT36pRhezhwUAn,egg,brown,male,1
298,1LOhYjv2diqsKD6,egg,white,male,6
299,T7Zw8bo4yHEDzMG,egg,white,male,8
300,gwTL81EClIx4cHt,chicken,white,male,1
301,02QOWrfEhLPmF7Z,chicken,white,male,3
302,Jg3Z48znW0co4i3,egg,white,female,6
303,Zgf134RAKhrsfTg,egg,white,male,1
304,obJGv687fm6JpKl,chicken,white,female,9
305,FGXsbFUjpyoapZX,egg,white,male,7
306,KCo8eWh6wpZ30M1,egg,white,female,6
307,sZIo1kBLnaf0cD0,egg,white,female,2
308,LUNe8qEQNt4D6Nx,egg,white,female,9
309,sZcaPrOZvqIXqXV,egg,white,male,4
310,pjFtHgHXcXIYfdP,chicken,brown,female,3
311,04UeoRrv3vbzMdC,egg,brown,male,8
312,f2VgzMNtBX4hkNR,egg,white,male,3
313,0L1gyAxDVZwf8UD,egg,white,male,8
314,UWyFRQ1BX5eGQBV,egg,brown,male,4
315,cMhTW6ysr4r3Z2T,chicken,brown,male,9
316,igo7xdWhHPMoXbG,egg,brown,male,9
317,yg7r2PmPF1WeVVh,egg,brown,male,3
318,gTc2EsM36Fkun6Z,egg,white,male,3
319,RsNZQdqSDPQOWOL,chicken,brown,female,4
320,4yhtNzIaFBkBe4o,chicken,brown,male,4
321,B2pSA7GmS6jv6uk,chicken,white,female,7
322,DjROfQRUQNmZdSi,egg,white,male,6
323,cZg57i7mFQsLHN9,egg,brown,female,5
324,xCJbdUUCV7DSLoD,chicken,white,male,9
325,9J28UoCTGTzmMqg,chicken,white,female,7
326,C8yNZuv6JDEMXrH,chicken,white,female,8
327,m6y0hi5aaWJ0Yrp,egg,brown,female,5
328,zLwPjWwuIPsOJWI,chicken,brown,male,4
329,DNKjE39FMMFTH1Q,chicken,white,male,3
330,UPcMhtQdoOtJtHa,egg,brown,male,8
331,RSSgLpeGMhuoaKZ,egg,white,male,7
332,ecrrFNXOF2umJzg,chicken,white,male,7
333,3c1ooRWwud9Fvuf,egg,brown,male,6
334,CFdUr86gp2LXom2,egg,white,female,6
335,AtodFJ4DmermSYD,egg,white,female,3
336,4rCxpDJqi2PHDNr,egg,brown,male,4
337,7TCMjvdk4SRhIKl,egg,white,female,7
338,Eh98oa7oNrngOPu,egg,brown,male,9
339,2PN0sV9fnU2Fs9I,chicken,brown,male,6
340,ojnA19itJiU9mtR,egg,white,male,6
341,Gm8QPpBonQJ6kEq,egg,white,male,1
342,Pw11RO9v12PTzv3,egg,white,female,2
343,TiDoJClgcuX5tU3,egg,white,male,5
344,oeTJTr59RMMC6dh,egg,brown,female,7
345,nhmfzz5qcKVCDsJ,chicken,brown,male,4
346,tXQQtLLg1HYnteJ,egg,brown,male,5
347,1WQzKX1oqCk8QGJ,egg,white,male,3
348,flguylvaRV9V2Uk,egg,white,female,4
349,P4KvtslQ1eRZGwt,egg,white,male,6
350,Mf1MzrEIpnkAkLR,egg,brown,male,3
351,ohQJlssOsG6nKR5,egg,brown,male,1
352,PcfcNRDxI28O2gh,egg,white,male,8
353,Ti2FBriUUvf11NZ,egg,brown,female,1
354,HVaxnJzSAyYnSz9,egg,brown,female,2
355,6QzmEbrFazDy9rV,egg,brown,female,6
356,VTbIuXVwbzcRtJH,egg,white,female,2
357,i4gtZo6sD6aiJjZ,egg,white,male,7
358,5SOx4k1rFTk8yWQ,egg,brown,female,7
359,SsQn4BHYxFAIg5d,egg,brown,female,2
360,33ZfLnsTwzLsry5,chicken,brown,female,1
361,FepNYzZA2UXWLnB,chicken,brown,female,6
362,TCEjm5iTrwkVaRj,egg,white,male,5
363,WOPMroiRKj3lqut,egg,white,male,2
364,lxvO76NJCq6PZf1,egg,brown,male,3
365,fTI8S4DWo3tgOMT,egg,brown,female,8
366,oI7ttNhTGysQrCG,chicken,brown,female,7
367,dfsm3d9TDik5wRq,egg,white,female,2
368,1VeIgAr8u2mGK21,chicken,white,female,2
369,QuKlooiRphhLgLi,egg,white,male,1
370,RcQHpJG92RT8iFk,egg,brown,female,2
371,Fa3t7Gplfazced7,egg,white,female,2
372,a7o7EguGWWl8yOA,chicken,brown,male,7
373,p60rBoUd9jPtRfC,egg,white,female,6
374,17RosH7r01XidoY,egg,white,male,6
375,GDsm3AmWhgo3Ekx,chicken,white,female,3
376,nl3jJjcEAlGH09D,egg,white,male,6
377,mL8CeLGGvCvj8tu,chicken,brown,male,8
378,VoWdKDFoRiX9gDx,egg,brown,female,7
379,P1O55l6Uads3y7M,egg,brown,male,9
380,GdWWXvZ1vIgo2tx,egg,brown,male,6
381,97jcLqHobdpDUkP,egg,brown,male,9
382,x76Rf2ghviw8n7N,egg,brown,female,5
383,FkIyVVybMPX9thR,chicken,white,male,2
384,ITYMz1xWxVH29xY,egg,brown,male,4
385,2Porlzw4XrKmiHP,egg,brown,male,4
386,DAUmvSysTxpWBVp,chicken,brown,female,6
387,U1KGE1378tCdGlF,egg,brown,female,4
388,iXqpSltMHniNzim,egg,brown,female,9
389,k5Fu4aPE7yw4fKX,egg,white,female,8
390,F6zo3a0Xus73wkV,egg,white,male,7
391,tQ2nmQ0hte65PmE,egg,white,female,9
392,eVz8TDGFhLXKCg6,egg,white,female,5
393,Un3kzLhHNHGZvzF,chicken,white,female,8
394,JhbCPzn1Lzp3bKK,egg,brown,male,6
395,jn1koZUnRQvGGgh,egg,white,female,9
396,wE5kQJTdKkDcr4F,egg,white,male,4
397,Ax0X4vJ2rmRfZ8d,egg,brown,male,7
398,z4Dnv43VlD9BfzN,egg,white,male,1
399,uXjwuyZiM278Pyj,chicken,brown,male,1
400,L19aOBPUeegLnpR,egg,brown,female,2
401,h0PWKPyUHw3x71s,egg,white,female,3
402,Ha9nb59q7JjixHG,egg,brown,male,9
403,28uV7cfZLQWugbM,egg,brown,male,5
404,i3DLtzVtNQ5fqYB,egg,brown,male,8
405,oqNUMuctKsQ5BUJ,egg,white,female,4
406,vUAFCdGI4Olvzoj,egg,white,male,6
407,xZmZVkPaC2Gfsij,egg,white,male,1
408,txTkOKOBkDLdxu6,egg,white,female,7
409,ZsdYWYF5yGxnQmi,egg,white,male,3
410,DVbCUKKNWOAb0Hq,egg,white,female,5
411,sXPG8aBCf07rqc3,chicken,brown,female,3
412,1y16ryBNlJLcMk4,egg,brown,female,7
413,acHjQoiILUjK1G0,chicken,brown,female,8
414,hDqtcnDCfGQMhra,egg,white,male,5
415,xQnGdWLpTtOVQep,egg,white,female,9
416,MWMoIeNjH7AfVjr,egg,brown,male,4
417,K43Lhnc24lnHUyQ,egg,white,female,6
418,B7U6jtkEQxNOaeh,egg,brown,male,5
419,9cTDfD5brT8PSMS,egg,white,female,2
420,kJGjA5Fd5dtt6jh,egg,white,male,1
421,u4Wh6eA7xZP9irs,chicken,brown,female,2
422,JmIFIaMqzDgtA3h,egg,brown,female,9
423,jquqL5jc8CuNHBU,egg,brown,female,6
424,r6aNHmmwMM5mHgz,chicken,white,female,2
425,hcZiU9Yj8HHW9Oe,egg,white,male,3
426,bvDPFqVTQrtyB1b,egg,brown,male,6
427,HROQTxijFQ49kz1,egg,white,male,1
428,E1RLuPJyUidgzmc,egg,white,male,8
429,H5CJmRexP8TwdNY,egg,brown,male,1
430,N8DuzOXzXk8j1fw,chicken,brown,male,8
431,IPjssOruI7bUByR,egg,brown,female,1
432,YZusd6hwNSCmSo6,egg,white,male,2
433,9kc1DbRSFF37VfI,chicken,brown,female,6
434,uTXa3k5jAN49vNe,egg,brown,male,1
435,OHr7qSt6nj490R6,egg,brown,male,8
436,MhnbUSpQpHzMdVc,egg,brown,female,2
437,4rUyImKDvFfgCy5,egg,brown,male,6
438,77FZQIJPvIPgExS,egg,white,male,2
439,DuheQTSRmP0uqqW,egg,brown,female,5
440,mgIUM7k0VnvweGz,egg,brown,male,3
441,WncaygIjLeCmdrr,egg,white,male,7
442,P2B7wm54KOpNuP1,chicken,white,male,7
443,dy4RjhzceMhRUu1,egg,white,male,5
444,Wkx4dxpKWgguQBM,chicken,brown,female,4
445,pl1GvPpWraw6AEB,egg,white,female,5
446,hhsk16A9R6LclJH,egg,brown,female,9
447,c8BNbnnNtNfqu32,chicken,brown,female,5
448,wAqmnf48q6AIfNF,chicken,brown,male,5
449,CvrYBIjS5xnXUou,egg,brown,male,2
450,4qZUdFIT1c325Sg,chicken,white,female,2
451,a8X2cQQ8yDsDpn6,egg,brown,male,3
452,zOC4q9ZKnBz0FXK,egg,white,female,4
453,KtxP1EIYdVwu15o,egg,white,male,2
454,jXsMcpg11mLRytJ,egg,white,female,7
455,akT3bqOUkGX4V2c,egg,brown,female,1
456,KtSJB5UpkZoSufW,chicken,brown,female,8
457,TYuxFhRLYu4sjHh,egg,white,female,6
458,Z0lGKSf0KxCYGuy,egg,white,male,1
459,vJ2vuDgndymyshs,egg,brown,female,9
460,LgBTOiwVEgYonUy,egg,white,male,2
461,hs2QBDnEv5BYZue,egg,white,male,8
462,YFER1bm1RebpDue,chicken,white,female,2
463,QeIDYTuOeCi7RmD,egg,brown,male,1
464,HZE3P7dVXmozyoz,egg,brown,male,6
465,bLeFf2hToLMYvzx,egg,white,female,8
466,ytJxknchV8sVXyt,egg,white,male,9
467,son20duQpvIXtmE,egg,brown,male,7
468,Ctcuk4Hq34scKk5,egg,white,female,4
469,W8SxVs2guN6WyyW,egg,white,male,5
470,lBWbYZXthKzMb3e,egg,white,male,6
471,OCQvi2X0r9aLp6f,egg,brown,male,9
472,Fz4HapqBTHElWtU,chicken,brown,male,8
473,5HhryJhMXkwm00e,egg,brown,male,7
474,K1IbVFUhGxDwEtr,egg,white,male,2
475,1Qs4EX8qODbNlfv,egg,white,female,6
476,I4BHC2OrLRE7Nxk,egg,brown,female,8
477,LeQSFKgCXEeqZeF,egg,brown,male,9
478,QhrsJSRISiYTXbY,egg,white,female,1
479,oGtZKJFgZtIvEob,egg,brown,male,3
480,qLKYlW1FhCiY4FQ,egg,white,male,2
481,HsJSJDsd5t7EU8Q,chicken,brown,male,4
482,JRqsGOyayCKa6us,egg,white,male,6
483,666ihoZ1jvZZf4W,egg,brown,male,7
484,O0hz0lxWr7Yp1c8,chicken,white,male,3
485,kAbO5nsStNVFSWB,egg,white,female,7
486,yRcJKEZxhXYMc99,chicken,brown,female,1
487,IQyLGm4Xr7L3UxV,egg,brown,female,2
488,NChRwpmiCpaDHL7,egg,brown,female,5
489,5g1JT7a0wB3svaL,egg,brown,male,2
490,RWdwbCxxTc8vxF5,egg,brown,female,5
491,5lk4xXHO3ZRJ1BS,egg,brown,female,5
492,p53XKUPipkpUsk4,chicken,white,male,3
493,bDUvcgMtdisYqXe,egg,brown,male,3
494,VGzj0vRI0zsCGAQ,egg,white,female,7
495,vvU6mS7YR1AOZ5l,egg,brown,female,2
496,DQtGUn89mp6vHR3,egg,brown,male,6
497,SNN6LmNIzmq0Ogj,egg,brown,female,8
498,mYF8S6uoJlDrqiN,chicken,brown,female,5
499,1zm8w6KHI7V3rWr,egg,brown,female,6
500,StnezV9KZBv0chm,chicken,brown,female,8
501,SJPQUMeWuSePWma,egg,brown,female,9
502,R2ofpY1v14n8IpT,egg,brown,male,7
503,gmPt5KUQf1XUPWR,egg,brown,female,9
504,iufcwfVvWtcIz9P,egg,brown,female,7
505,Cr2ST3FY6SUsHcm,egg,white,female,1
506,nET41LKf8aPnTUz,egg,white,male,1
507,bI3UJM72Biq9YWo,egg,brown,female,3
508,jbnMflD4ARyNIuv,egg,brown,female,4
509,PJEcoEVxZkZ6lAQ,egg,brown,female,1
510,yaPG0amZqKjWLKm,chicken,white,male,7
511,b9uWLS1DEsAKDOz,egg,brown,female,6
512,IihgFTyRaEMYVRh,egg,white,female,3
513,bgsx69M3fDrvbd8,chicken,white,male,2
514,t9BlenQSEFmBweA,egg,white,male,1
515,olW29y1loHhVkY1,egg,white,female,6
516,EJx0MzRBm2pAkd9,egg,brown,female,5
517,2gRhL3nsXTUkBg1,egg,brown,female,5
518,jF7Qjb1fSiI9wWx,egg,white,male,2
519,Hd7HvyrBknvhnVF,egg,brown,male,5
520,pyWC86W3f6GeVM4,chicken,brown,female,9
521,PipMg5TI19ZSqq8,chicken,white,female,4
522,SOWVdLthnIjfb4n,egg,white,male,7
523,Ta8renjfxQ2nsFy,egg,white,female,7
524,tBPCavl5g8Ru7bd,egg,white,male,1
525,QkM52G2ZjOKJOe5,chicken,white,female,3
526,JqWAtxJbuR4y1m0,egg,white,female,9
527,SMvHBSIJ797o370,egg,brown,male,3
528,e563fLbh0t7uO7v,egg,brown,male,4
529,3nXCGIkcehqkZ5z,chicken,brown,female,6
530,iJP4ljiP4O4TEiT,egg,brown,female,7
531,mtk88W3MK3ejpZD,egg,brown,female,5
532,CtNbNJryJ0kQiG4,chicken,brown,female,9
533,QEPWmcdedVXUdT9,egg,white,female,4
534,CgseSblsgELuK1W,egg,white,female,5
535,jQLZ4vkRQhPgSwR,egg,white,male,1
536,nEwZ6a39bKNCy0l,egg,white,female,4
537,AzY6hYG6iPAo7jl,chicken,brown,female,6
538,XkVaQBo09EtcXtr,chicken,white,male,3
539,01KdQ17En9bU1ms,egg,white,male,7
540,ZGZRpmC0RBLNR0e,egg,brown,male,6
541,BhePlcZZpVInv8V,chicken,white,male,8
542,pb8UCc7mHTDCQEm,chicken,white,male,2
543,q4JOU9QRSoYqBYo,egg,white,male,5
544,SCjfbfBtvrKwLca,chicken,white,female,8
545,arQ7i3AWOx8eGRK,egg,brown,male,8
546,C3Fo2zSyRfYpsxo,chicken,white,female,4
547,u3HODzlRgcjhRLn,egg,brown,male,2
548,pNCTWrpbPLEoFo8,chicken,brown,male,2
549,H88i3LYOTSA8HSu,egg,white,female,7
550,HYmyERHUAPJgL4r,chicken,brown,female,5
551,NFfeXpS9BerHGGj,egg,white,male,9
552,SD3JiWF6Wsnvqqj,egg,white,male,9
553,KSptXPNWdWBoAdr,egg,brown,female,1
554,ohlaaBHfSedDuZb,egg,brown,male,5
555,MeaMkVIqYEzpBB8,egg,brown,male,7
556,PrXmJqYTGk8dtZP,egg,white,male,4
557,G27ikXJrZdqcCBY,egg,brown,female,2
558,eWvONZH4zFipy4l,egg,white,female,8
559,xLRiEq41660CYF3,egg,brown,female,3
560,qFeNc7I1u1FjQ9o,egg,brown,male,1
561,l2fllDLnDHd7oVz,egg,brown,male,9
562,tqMQAzsTYdEIU4H,egg,white,female,2
563,fVUPvOv0lQsSu6K,chicken,brown,male,4
564,R5b4dC4pFZXqe6p,egg,brown,male,5
565,Tv18dV9AEZOdAwT,egg,white,male,9
566,kssxJFZPr9WqRtz,egg,brown,male,9
567,zLxAH7aTa9J38hq,egg,brown,female,8
568,xXegjMowMfOEPvM,egg,white,female,5
569,cV0iiphxtUEGFvt,egg,brown,male,7
570,vCNMCo98SwrKSX0,egg,brown,male,1
571,DfPIrk9ubIadRwm,egg,white,female,9
572,2IzGLSZzzbo9S9q,egg,white,male,4
573,wXfL0JFMH6zz4PX,egg,white,male,7
574,Vil99CPZ7tDyQMJ,egg,brown,male,8
575,YpHBQywZIUz1UYg,chicken,white,female,9
576,nP4AWuOw3CoGtSw,egg,white,female,3
577,gRcuMr9WpPSqIXf,egg,white,male,7
578,azq2mPj5fkOZ2UF,egg,brown,male,7
579,KvepxKqvDrJpPbn,chicken,white,female,5
580,uLRpwsVWgNmciN0,chicken,white,male,4
581,saKDdOyAQJPEcEO,egg,brown,female,2
582,fvUIrUsldVZFwd7,egg,brown,female,9
583,HcNTvlTWE0eRmSN,egg,brown,male,8
584,eRuidGSlQwnoZmu,chicken,brown,male,7
585,IKLhW6Q4tQ25PID,chicken,brown,female,2
586,0etO959MLovGGYp,chicken,white,male,3
587,s4Av3RJevvPZC2D,egg,brown,female,6
588,rDBvYmSQJIe8IQ4,egg,brown,male,1
589,oMm9amRkbRvjqzu,chicken,white,male,6
590,Ck6L3x5L4aftiW3,egg,white,female,2
591,VmNeyzxaYCzEUVo,egg,brown,female,3
592,7PlPmHLv2t0SEA1,egg,brown,female,3
593,zkMotyDqL5ktFy7,egg,brown,female,2
594,08FgdUtA2bJkHUy,chicken,white,male,2
595,QzCPLAlRLGcy0eR,egg,white,female,4
596,e2katXQORuTaI4x,egg,white,female,3
597,QJaCK30AasKSM2t,egg,brown,male,3
598,Y8gyKQdLMvT7mFX,egg,white,female,2
599,Il4lkuDKYiNICtp,egg,white,male,7
600,cmxk5CXJCED6UqQ,egg,white,male,7
601,pSn8h8VPDAFxtJR,egg,brown,female,8
602,q4KBpRpi1qkmbYr,chicken,white,male,2
603,B6ra5NzMTY7qEWe,egg,white,male,5
604,LPvouZgTnsWM96X,egg,white,male,7
605,yYNNjOaNzToVvhM,chicken,white,male,2
606,zHEEqm7YN30GmYw,egg,white,male,7
607,x0989RCeuFtzJMp,chicken,white,male,9
608,ZSWTGCUt0g3KFwb,egg,white,male,8
609,FE8fFrP3Tw1mikR,egg,brown,female,3
610,01IgbNeqkAGmxP9,egg,white,female,9
611,6eda8m4xNpMpl81,chicken,brown,male,5
612,RUfpymHbo4MvjB4,egg,white,male,5
613,ZBriGhWpJFmICnk,egg,white,female,6
614,uhADSwArzM3DAEp,egg,brown,male,9
615,4NOnGE8hXutHay1,egg,white,male,1
616,P5oBc1N1gPYNNKL,egg,white,male,1
617,P9p7ILVf7n0ue1I,egg,brown,female,3
618,lC0qzLniktlXpVo,egg,brown,male,8
619,8n7d3a21xyGB77R,egg,white,male,3
620,nayBKHD0Ujys15t,egg,white,male,7
621,Dk8cKuPrhYJlnzN,chicken,brown,female,7
622,cKHXaEUAsXtNA7T,chicken,brown,male,6
623,xr8abDZnPkL47OF,chicken,white,female,3
624,UAouK0THTe7n3X8,egg,white,male,6
625,cYUfDFlPlotK1CP,chicken,brown,female,2
626,hUUkzFqToeSUaCc,chicken,white,male,6
627,1zDZfN3HeSGZ84u,egg,brown,male,9
628,ciwil055oxAcQwP,egg,white,male,5
629,r64ZvaJfZp4vC3f,egg,brown,male,2
630,uXLR0EGO2VnW410,egg,white,female,8
631,Cl0gFnCd5vDnzAX,chicken,brown,male,4
632,juFQCzxidYXTQIF,egg,brown,female,9
633,Xz8IpwH2XprBBPQ,egg,white,female,2
634,zMxDktnPLoIBBz9,egg,brown,male,5
635,toZ15RMZt9o0knC,egg,white,female,2
636,IyQe3AWDSpjGC2p,egg,brown,female,9
637,qzfeX78SAMkIN9t,egg,brown,male,6
638,UYu3Yvkqoh7J7af,egg,brown,female,7
639,lTZgG0H4LeApQvA,egg,brown,male,2
640,KGsnhcIkfjhqDd8,egg,white,female,9
641,lHGu2YrLFhyNy63,egg,brown,male,1
642,WVB0iOWTO4j10eg,egg,white,female,9
643,68KIeI469ch40P9,chicken,brown,male,4
644,RBGmgQ0eKsf2GKE,egg,white,female,3
645,KN0DPcD08KN4DTT,egg,white,female,7
646,foO9T22o67lEemT,egg,brown,male,6
647,euXdFfetLSdzfKL,egg,white,male,8
648,5hlGxD7oOOnOc6h,chicken,white,male,3
649,FHtOkGyX1tmAAm1,egg,white,male,6
650,jXLVTTDH4yaJ1xl,egg,white,female,3
651,WGwNXQKbibVQ0Uz,egg,white,female,2
652,C2iJBwnUFZZfKxO,egg,brown,male,9
653,uj2yyPC0vojSvB2,egg,brown,male,7
654,Mv2qEUTdgiyI8lO,chicken,white,female,5
655,d0FWlbBVTS1ebVk,egg,brown,male,3
656,2RhungV9cVjNAnH,egg,white,male,8
657,F1f9nV8qkKAxE5M,egg,brown,female,6
658,2q3HLx5MOGx47dr,chicken,white,male,9
659,G0bC4HbDwYARP74,egg,white,male,6
660,yPKLJZK8jigEz04,egg,brown,male,1
661,ZT7rgvQlT2x6pMg,egg,white,female,3
662,Ft0AjL0eHlKzhmu,chicken,brown,female,9
663,RzTjznFIY3SfCDI,chicken,white,female,5
664,gCxV4Ag1mUG30IE,egg,brown,female,6
665,wAUMIv5YKVGKmm3,egg,brown,female,7
666,WvjcsCOuKjHcbpL,egg,brown,female,3
667,nPYjb7lFDr1jNvO,egg,brown,female,5
668,8PAg6Ny7WZvabyS,egg,brown,female,9
669,zDvAq88qNcllKOo,egg,brown,male,1
670,BsQZmQ5yf09uoDF,egg,brown,female,9
671,7urOEEn0vNeRirs,egg,white,female,1
672,gqbNCXCyOW0DIpA,egg,white,female,2
673,PPZWC4bM26L07s0,egg,brown,female,9
674,ycve7Tv9SakBGoM,egg,brown,female,4
675,dUrhfzdzui3VTz0,egg,white,female,1
676,sIpXIYdkFT4Lbnb,egg,white,female,3
677,1kQ1m8kCI6YgZUt,chicken,white,male,4
678,Am7Fe5uXy1SoyLj,chicken,white,female,1
679,DZyeVE7UZ9UnEl2,egg,white,male,4
680,ppD0Bi3NAOUDCgT,chicken,brown,female,4
681,Y3TdqYNcYW3Vzt8,egg,brown,female,3
682,rcLMNgEnaXLrgCs,egg,white,male,6
683,rp20XhrvbIHTYtb,egg,white,female,8
684,SyAl5qELwXrgmOv,egg,white,male,5
685,RiLzJ41grxGq6mk,chicken,brown,male,3
686,zQXWDtZiiELIvDH,egg,white,male,1
687,YwEALQ0DswRneXe,chicken,white,male,2
688,fsbl0fk0xuVf5Nu,egg,white,male,9
689,BaLA1AIwntcTyPV,egg,brown,male,4
690,apXZviOgtJvhpcU,egg,brown,female,8
691,3OldO7Qv1HD63ZO,chicken,white,male,9
692,ErDg37iQ4vOuXDz,egg,brown,female,6
693,nJX3SCDijDZVA1a,egg,white,female,3
694,JaT2MgSYtbzKd7x,egg,brown,female,4
695,WXmxKrAkjaBh33I,chicken,brown,female,9
696,CSjsGhjeQnE8Lq8,egg,brown,male,7
697,ihyIgHPXUsnclW3,egg,brown,female,4
698,hnQH4bzM1eAeKTU,egg,brown,male,4
699,toq0TpMK32DfJRx,egg,white,male,5
700,X1UHXoSL4YZ3avg,egg,white,female,1
701,MtYNIGuRryRUn05,egg,brown,male,5
702,uyevp0FgubnJ96M,chicken,white,male,1
703,Wrva9p7wHHQTPQA,egg,white,female,6
704,BwlrEwwIF5Qk5j3,chicken,white,male,5
705,Xb4SZjzjJhj5DXs,egg,white,female,2
706,BmITBe7XixpgYww,egg,brown,female,8
707,QUrts30wVPitJiT,egg,white,male,5
708,7b1M723GjZSMMDZ,chicken,white,male,2
709,q4MtIOFhoRnpoh3,egg,white,male,3
710,F8xKD6ZPwgpeC6r,egg,white,male,9
711,DDD1TfxfGYGzOSg,chicken,brown,male,2
712,TlEyhDPaqEqhNWS,egg,white,male,8
713,1VXYosal0G8fLew,egg,white,male,4
714,pSeY621azoRhsqK,egg,white,female,2
715,rDgrQJZWXeRZHCA,egg,brown,female,2
716,y59R4Csilltqo0A,egg,white,female,1
717,5tLYvtRsfNP6D5a,egg,white,male,1
718,N2fCD1soDZKzN3C,egg,brown,female,7
719,4Bd7gShimNXAgML,egg,white,female,8
720,8jBqcscCU928lZL,egg,white,male,3
721,DOepFTWGnGMNXai,chicken,brown,female,9
722,VmPNrIXMCL7pCmB,chicken,white,female,6
723,XLlzU7GeFwPNo02,chicken,white,male,3
724,RUhvDdxjYXNnlxj,egg,brown,male,2
725,cavcnjRHgwFGnOi,chicken,brown,male,2
726,yO3sWW88TAq5h11,egg,white,female,6
727,eC0lF0bNjtIIs8e,egg,brown,male,2
728,Q0MUcRZE9sHAUKy,egg,brown,male,3
729,QPWwd3WywvznPB3,egg,white,female,6
730,heIHDhlocSso2Gn,egg,white,female,4
731,f5rCJ6p3B2t5XlO,egg,brown,female,6
732,iZRMrAylpRMqwGX,egg,brown,female,7
733,rUK5ZAdkyRH7oh1,chicken,white,female,1
734,8AJ1O7NZg1zPEaR,egg,white,male,6
735,5rFxwqY6gyoySkD,egg,white,female,7
736,cDWGenjqatiFjDR,egg,white,female,3
737,PhG11garlphbISc,egg,brown,male,4
738,DfWHcatb7wNHOEc,chicken,white,female,6
739,HlW6EhUFfKNzyxB,egg,white,male,3
740,wZKt2Y0AQRlO1Nr,egg,brown,male,8
741,WpK5q8kMJdyyk1O,chicken,brown,male,4
742,AbQ3UJrUv8Em8h1,egg,brown,female,1
743,yzmobrvirdVHaI3,egg,white,male,2
744,XJNqlKrIUXNjqVk,egg,brown,male,1
745,dlkqWDhGzT6N5fG,chicken,white,female,2
746,OKyZUXhHaAd3HrO,egg,brown,female,6
747,OU7eG4fH8dDmQRM,chicken,white,female,8
748,2UMDnd6dYPeDyYF,egg,brown,male,3
749,kmAYPyELwZ5XJpe,egg,brown,male,8
750,Ehioz1bf9ZK0JoQ,egg,brown,female,3
751,IQw30qPfLJsX36b,egg,white,female,9
752,fULEQVYMTYNnHpG,egg,white,female,4
753,Q9uXK9eQaHe1QCB,egg,brown,male,1
754,sVpUUVAcPUQm6GX,egg,brown,female,2
755,iTOtku67ouAVpSR,egg,white,male,7
756,477mHtKVntzcfIh,egg,white,male,3
757,ENVwi3PdOpQeicN,chicken,brown,female,8
758,kp5jxvZPHIW4wnq,egg,white,female,5
759,aTXF8asgABuVIZ3,egg,brown,male,6
760,VBpV9B6dvTOW3mH,chicken,white,male,4
761,1wr264OtpVkv6eZ,egg,white,male,2
762,tcK99HD8oFR3LMa,egg,brown,male,8
763,9yNHtx3itTRo4sa,egg,white,male,8
764,pT7SnyBCR05JHRH,chicken,white,male,2
765,hl8ndWK5ygh9aGT,egg,white,female,4
766,WrMUH489Gk2TJz5,egg,brown,male,2
767,kOF13bYB5PCHPdw,egg,white,female,3
768,beE2vYYUR0mMGGY,egg,brown,male,2
769,OZz5bPfsNm7XUQk,egg,brown,female,4
770,uYxX2n4tNtfdV6H,chicken,white,male,2
771,dnIpaCtFJsgRvoH,egg,brown,female,7
772,sfHGLdHIOSZ1Gek,chicken,brown,male,1
773,ZxkwSA2uCZGZaKu,egg,brown,male,5
774,o0vbWcTHHA2rqPl,chicken,white,male,3
775,srSOzDZmaJszLIy,egg,brown,female,7
776,K8VgQv3bM3diSAo,egg,brown,male,8
777,vcAmbg236Ksbicp,egg,brown,male,5
778,NOdTT8CA0sQMMHS,egg,brown,male,9
779,F6ARwvTwCXnmKce,egg,brown,male,4
780,VNnp25X0NjgpsDS,egg,brown,female,2
781,XKbtRZoBwcFQmXV,chicken,brown,female,4
782,JQFzqVv3tyw6FVK,egg,white,female,6
783,EdTK8DqeUO9zcgW,egg,brown,male,5
784,OF7AtkBMsBQc2e7,chicken,white,male,3
785,aW8CXH51JUzRkZ7,egg,white,female,4
786,MJWW06vCztatTjA,egg,white,male,1
787,oi68NmHr271wBot,egg,white,male,8
788,44es78jvmNn4O1Z,egg,white,female,9
789,bIAfreHwbhad46M,chicken,brown,male,6
790,o07wvL4SkuGImJC,egg,white,male,3
791,zABVnu7KfAWbTWA,egg,brown,female,4
792,soQ59mrYvtlnjja,egg,white,male,4
793,6yFcD1RVOLvBt5n,egg,brown,male,5
794,XriHSlYEjK4RUF3,egg,white,female,9
795,UoL7QPkawPRQbAL,chicken,white,male,3
796,LXJmDc2XrUuFVYO,egg,brown,male,2
797,6GVeQSXUXkPiFYt,egg,brown,female,5
798,6dtEMBYXvBfIMfd,egg,white,female,4
799,3lR3xVXHpX1DLwb,egg,brown,male,8
800,fmcfUiwbPdOl1uQ,egg,brown,male,1
801,hCm1epgE4RsBM4A,egg,white,female,4
802,c8hCqBCy1Uy6HAf,chicken,white,female,5
803,Mih4xKmvpnRuK1E,egg,white,male,8
804,NFDa1fFKWQAjHCy,chicken,brown,male,2
805,Axm1wHag0K2ZbJB,egg,white,male,5
806,O0gQom68xZIhYSD,chicken,white,female,9
807,Og3djAJuQMm00KP,chicken,brown,female,3
808,shhZZcGyk0z5KUC,egg,white,male,8
809,gdp1gWvqU33lvTQ,egg,white,female,2
810,hHL79XHEkok6phW,chicken,white,male,3
811,XvVq8P4WdGrLGKj,egg,brown,male,9
812,QSiu6MQtm3ZBBzE,egg,brown,female,9
813,AZOs3WjtMEmNPGp,egg,brown,female,9
814,orymjo58dtWPU3U,egg,brown,male,5
815,5e6YRoAvg0ooWnb,chicken,brown,male,7
816,N2Oi7jL9BJHePWC,egg,brown,female,3
817,hy3EgQFCWzBrLvN,egg,brown,male,9
818,BgFc0OkH9WS5Xkd,egg,brown,female,8
819,f2ZWickiLURpAbS,egg,white,female,1
820,GovWTMiVjNTNd0a,chicken,white,female,3
821,KqljgRLo4dty4kY,egg,white,male,6
822,ekiahNvRkhIoG8B,egg,white,female,6
823,n1qWPY94bXIDJ1v,egg,white,female,5
824,lknskpXB8ORc8Ir,chicken,brown,female,3
825,IjInpjqtMaIhU5Z,egg,brown,female,7
826,zJzJvCpxfSo9qoa,egg,white,female,4
827,yVb22NIXQOfWbRr,chicken,white,female,8
828,tCv8Jd4F3AnBM1k,egg,white,male,1
829,u2YX2MWzpcLASM2,egg,white,male,8
830,CHq6jqXcVw3OKoC,chicken,brown,male,2
831,AJFwrJuMnJ0kXut,egg,brown,male,4
832,oBslVgCiM21ca4t,egg,brown,male,2
833,4orZbYqcepHuaqp,chicken,white,female,5
834,x26SwvASbfD23VQ,egg,brown,female,3
835,6B2rcTCQrXEODkQ,egg,brown,female,7
836,GqhcrlJWmiU2Gwv,chicken,brown,male,7
837,bkM3m65rInNYhMY,egg,brown,female,2
838,suresdf7YcfZHSk,egg,brown,male,4
839,GOFSWB5KLnxxSVT,chicken,brown,male,1
840,1rLO4dgm3pcqh9f,chicken,white,male,6
841,07zM8SIW4mKdWRQ,egg,white,male,7
842,0b15iyOS8BNBbNQ,egg,brown,male,4
843,1cwa79dUW4mjUJX,chicken,white,male,8
844,Ekf86PgsdZQep1X,chicken,white,female,5
845,LJ1C1M4HCVrq96X,egg,brown,female,1
846,dK5NgoWbOxCX04C,egg,white,male,5
847,M9vjgWAPxntCcvn,egg,white,male,7
848,gif78MUJzRh2Uip,egg,brown,male,2
849,e7ApfKYKGpLDDpL,chicken,brown,male,6
850,I9sjoKVEWmQr9XW,egg,brown,male,5
851,eyrVeSEBvW49myJ,chicken,white,female,9
852,GXjnyS3gsMSVE4w,chicken,brown,male,1
853,qixO0V2nIRXyxXL,egg,brown,female,5
854,h8gEwm6Ihps72XY,egg,brown,male,9
855,gATxI6aNQJ702qo,egg,brown,female,1
856,hX6fd1h4laF9Wbp,egg,white,male,1
857,RutNwqax4FMcnPK,egg,white,female,9
858,vOZNUGcyQx3uZys,egg,brown,female,5
859,jqsQQrYtskVqHjK,egg,brown,male,4
860,GdXSs8ir49wAiF9,egg,white,male,9
861,85Td0rP9OS997k3,egg,white,male,7
862,K1Jn07TUe5kpDjt,egg,white,male,4
863,rDq17Wgb25kVAa5,egg,brown,male,8
864,1lbOforsKC8PUyf,chicken,brown,male,5
865,r9UvzfFGdzWmtDw,chicken,white,male,9
866,wyar6MHEy0MzeeZ,chicken,brown,male,1
867,lFLGvdGhk9Nsn3R,egg,brown,female,9
868,natAZsnyr7Xpdxk,egg,white,female,6
869,G7VjDW8IFJKslvX,chicken,brown,male,9
870,MPo750I03p4f6vr,chicken,brown,female,3
871,UmlOzEYPF9ej1MR,chicken,brown,male,3
872,Lk6T8jJ5wdIGRWO,egg,white,female,8
873,HZfwshqtDBhad1h,egg,brown,female,9
874,4HwDtTZbRW2pm16,egg,brown,female,2
875,hQI1pU26fIkJsp4,egg,brown,male,2
876,aCfeVY3pE1n7wcL,chicken,brown,female,8
877,rNtm8FYaEdFfEit,egg,white,female,6
878,eO1vsR8mP1iwP8a,egg,brown,male,9
879,Q6c5MVU3RAioEoL,egg,white,male,6
880,FzB2U43lpZ7tlI3,egg,white,female,6
881,9gCJGBZKaz9sNnY,egg,brown,female,6
882,DM6Mh9JVAIBapBn,egg,white,female,6
883,rP3XEJXkwnTKw0f,egg,white,female,4
884,aWmRT8VQvFhXaQh,egg,brown,male,6
885,ONLAE3VXSOITEKf,egg,brown,male,9
886,EXhmxkI51hajNQt,egg,white,female,6
887,RU46vrUOVCsjJhx,egg,white,female,7
888,WlaKyk92s2hewCx,egg,brown,male,1
889,3alNuauugF5GHth,chicken,white,male,8
890,H5jWOHa0U7MxZpd,chicken,white,male,5
891,o5w5wDXUyUuggfk,chicken,white,male,6
892,nFlrS9Tk4GvxDZP,chicken,white,male,3
893,30VppGWv3XLbBoO,egg,brown,female,4
894,kP8H2pYXN0tLal7,chicken,brown,male,1
895,DQm93yutAodzaTB,egg,white,male,9
896,7D9JQsSXhAbMdTQ,egg,brown,male,7
897,7hegpbdfThfIyXG,egg,brown,male,3
898,wXqje466xpy6M2B,chicken,brown,female,2
899,L3TOUX9mL6YzOYM,egg,brown,female,9
900,XmqvwinywGSHBXK,egg,white,female,2
901,jyqSVRUJpzGFbAz,egg,white,male,1
902,dMKjy2EoAMr2MYX,egg,white,female,3
903,MOTjVueozWTq5Pq,egg,brown,male,1
904,jmiONdYzX1ArQCt,egg,white,female,5
905,xGee7T5jsbZCO5M,egg,white,male,7
906,PqSxKAwPtcjanm4,egg,brown,female,3
907,BiRVWWdbqPabK8G,egg,white,male,3
908,jk76Ek6e33vcsiZ,egg,white,female,9
909,Mv38MU4DtxpiNqV,egg,brown,male,4
910,WQsrovCMANx5OPx,chicken,white,female,2
911,N5FjD2u5YeCHwob,egg,white,male,2
912,mCFxRCBAZutDWSb,egg,brown,male,5
913,ygGmtmFbzCDojlJ,egg,white,male,7
914,jtDF5bUNDwDQT2l,chicken,white,male,3
915,6zgOS4WpfDa5bhE,egg,brown,male,5
916,Yi9jx0nsaM7DaZ6,egg,brown,female,5
917,Cg7ybuPbnr8LSas,egg,white,female,8
918,WVslZEPjZ5tUdM3,egg,white,female,4
919,fhwPjtqns2wnFeR,egg,white,female,1
920,Vh02MfjA7kmn7yR,egg,white,male,6
921,wZerLpQJj7e00PM,egg,white,male,9
922,NPYIiCjxZ4E0NZ0,chicken,brown,male,4
923,JMepuXbR7GAwWHE,chicken,white,male,4
924,Fqa7Qli9mHc7wa1,egg,brown,female,1
925,jpUj9BW7QYfY3M6,chicken,brown,male,4
926,RkKhDQGba7HQQTo,egg,white,male,4
927,QvevHqcJaz8xR9W,chicken,brown,female,5
928,ez3cKe9Gtvtx93L,egg,brown,female,1
929,tvNRjkhiaYErioV,egg,white,male,1
930,ItzZIFEpRcfBetY,chicken,brown,male,7
931,cI8YHlnfaetG2LZ,egg,brown,female,4
932,WEkGq3KFSka4QE1,chicken,brown,male,9
933,AkHpiNJPshghC6N,egg,brown,female,4
934,DBBSBYoa6Gw7Vws,egg,white,male,8
935,d8g4tAvzdg6NIbV,egg,brown,female,8
936,bCZ54xT9FYJd00a,egg,brown,male,1
937,dHDEdDdP5x9ogq8,egg,brown,female,6
938,Egt2hd3zaoJpL8T,egg,brown,female,8
939,uE0DqsfLRlJEG8W,egg,brown,male,5
940,0pIKYAX0c5gkoNi,chicken,white,male,1
941,bz1ZkkXBvUM3tZQ,egg,brown,female,5
942,N4W3yN0aOBJQ2xG,egg,white,male,9
943,I3pz7q9HeOEh0Nr,egg,brown,female,6
944,t5mPe5buC0I9BwS,egg,brown,male,4
945,sUiKQE3GHMJapSc,egg,brown,female,8
946,xNW6joA9yPAxKKn,chicken,white,male,9
947,eDNYFQwnCuwWlT3,egg,white,male,9
948,3SuenMX8r542OCp,chicken,brown,female,5
949,WVAzBSdZOHz5tD7,egg,white,female,9
950,un6NOCUtOAxSJv4,chicken,white,male,1
951,1eyU8YFcYcmCBeb,egg,white,female,1
952,li4qrfe8012yBWn,egg,white,female,8
953,xOOkQJRQNIBc8gR,egg,white,male,9
954,cEoYqf9nBthextc,egg,brown,male,7
955,VEB1u9JQs0VgciH,egg,white,female,8
956,GZ5tEjiaJGF2TKR,egg,white,female,2
957,RiyBKKN68fgQzF7,chicken,white,female,3
958,yLtW4yiYgVlZ9vv,egg,white,female,2
959,J6LFaLyJ1Q7VSoA,egg,white,male,5
960,cqJCVAsokxlVytC,egg,brown,female,5
961,M7Xw3AnNdktcCQH,egg,brown,male,1
962,D0hqXjRgaKlOygP,chicken,brown,female,8
963,FqE2PHVvmroR2xa,chicken,brown,female,1
964,00GZu6tWDTOuXyR,egg,white,male,9
965,RuKHTnJ4IqU7yI7,egg,brown,male,6
966,EcIiYi5EvacSIFS,egg,brown,female,3
967,amr02kvLdulg1oI,egg,brown,female,9
968,l0WFeF9LVmxmfKk,egg,brown,male,7
969,NmMfzs2AfH1FYRq,egg,white,male,6
970,uBxnV2VcznhBFBg,egg,white,female,6
971,zEDrf1O52ZWRAT0,egg,brown,male,1
972,oBWzmiF5hQpcsT0,egg,white,male,6
973,YJF9wFXftTPNMwK,egg,brown,male,9
974,ngSaxcn0YEcoL5C,chicken,brown,female,7
975,FUkxe0v6TAWrZUW,egg,white,female,8
976,d8pZ4U5Xt2L9znY,chicken,brown,male,8
977,tFei4enyutfS862,egg,white,female,5
978,zfjYfKG0SEwowG1,egg,brown,female,6
979,76Fot4kOWfJPz7M,chicken,brown,female,5
980,f4rO2Qi9dAr1vLQ,egg,brown,male,9
981,rx4aUeFNx877jtn,chicken,white,male,7
982,31FWVfytFCijTWH,egg,white,male,5
983,iO3xTt6jfa4zF9x,egg,brown,male,1
984,UpozNDFexbUgZ6Q,egg,white,female,6
985,5OTuLA6QXsNI70U,egg,white,female,9
986,oH3ZXWyXYy1IcuT,egg,brown,female,3
987,ckQBKMTjx1kfgg9,egg,brown,male,9
988,zkAjbX4TpHeNRHp,chicken,white,male,1
989,LY9U0dmxodWud9b,chicken,white,male,3
990,uuYQzynMlwvoXLp,egg,white,male,5
991,yTDdvFsASuJKl0P,egg,white,male,1
992,F8a6C6ieG6Gi5aF,egg,brown,male,5
993,sdRqUUVElTIFxvf,egg,brown,female,1
994,P5fEZRTSU8T6O4R,egg,white,male,8
995,a58OrBbpkXGWAxJ,egg,brown,female,3
996,pDdUXnEqaBXEcB1,egg,brown,female,5
997,DWeXFDGFJwQyqbM,egg,white,female,1
998,AgcpBNoOQvojrjZ,egg,brown,female,7
999,FMNmChBWWvYQSn4,egg,white,male,6
